spread_id,name
1BblC8gWnTzLhk5H734LRAFoqwOzKEmCBT4hL__10anY,ffp янв
1vv7WU_vKzVXXOXhtq-Z3e6Rk-Tov9h58cpW7_qWqO4A,ffp фев
1BDP-O12cG_4G2ZgVBdiW63PlDePcFNlx6uBNO4ge3bE,ffp март
1qXJZIvAlRQeYINw5B7dqclSxtqaiptOHTc0R8lbM6i0,ffp завтра янв
1gxsYgno_U9MfjIc95E6kfHzHitEJZYD0jyUffohhxqk,ffp завтра фев
1PNFvSPmQeqBI6OL52QyMowThaqz-ffsdadgmIkRKY8Q,ffp завтра март
1hpzFcxatuoeXn3YjUNASybWQPpISrMvZCXuNTkL_YE4,pkad янв
1QSu1l6XQntLQzkZSLl6YC3ZDbXI6bLBt8AVpM9uxU20,pkad фев
1E8VYQxhs-56XNUuGJzlDTRhUXvBrB7Ltk7rUT3Q7FJE,pkad мар
1gLgWGcE5Vnsa1BZS545u3pGZQ2EE9Rs5gQFIpcKaMUc,pkad апр
1_sh-Ps-fvDIyxJObu0OJKv3yf6g2kr8v5k8qCqi6jWY,pkad май
1MtLisc5duZihHuC0Z1hXwP4Z5IrB0YyIMxjsS01W8rQ,pkad-2 май
1HZ7dvXSZ_TNBio3MS37uc4hCmTggezmBSIsTvHciCis,pkad-2 июнь
1W0mGjVfsHMI1efcTwPpuFmMVpNW-Bk-2Qkrz9QQ3k20,5steps янв
1-W3Bu-yruXxwtqV6xjRaCDKhzdULrSLm1EcdoFfQiN8,5steps фев
15XqoldyAQG4jcH66wLYLJqMl7Ypbkp2wTwFxW5F0wVA,5steps мар
1xSF1jVxMS4wCOeAKr6xG9PHDl9ibZimq3CfqgLj0dwg,5steps апр
1sBlAtpI2MklIOOopid5QNfwXvYb1_H2iISX07Ih3CGY,5steps май
1Vr0a8Y5ubMbSBSmp-msz3upyGXwDO8tg0d7u9U0ieqQ,5steps-2 май
14u0NfFKrCVv_k6i-D3cLYC71GQPLO5pU2ugL9q5hD6g,5steps-2 июнь
1p1a00GheL2gY6Iigko8n4WIBjnArJHBqFy3es3WJ4JI,вин янв
1ne9i2SfLVljFX0KwAER6oA_gaWzpWhvJJ8xjF_S4pRE,вин2 фев
1_RvIINuuV9OUF_DIN3yIK6HFuxKQGgkV5OWLurhNi38,вин2 март
17Yp93KkAg6XX2EHEP1G5QWbdeJw3WJfHMHd3VzmTypI,вин2 апр
1ZO03lpxkY76KmUXx21X2r6qldaTYuss9RioRB_d7yxQ,вин2 май
1tlCxaXvwakrfthVMeWfjDLBwmv0dyYzhXtovNRzBjus,вин2 июнь
1pztNFwMEMmDqYBgsDp05RAFjfg9832A92wyzi8UrWTs,кирт фев
1RhRbcwp_qgPJXZ5hi1QtLqBg2NY55K4FL-FA0gGltuQ,кирт март
1kw15XHb-_-4tx2evO3GA0mXpQ5EoPHyXxbBTMBEEnx0,ин янв
1zjLQ9T4XcimtqrZrGG6fkEjwua1Q-hT0ns5v5L5EZpk,ин фев
1MAvvqXTvOCQTCHP1_L_RnqsV9f09HLk63qjZUva24Uw,ин мар
1kdAQ_OsAUVaSTGc-78luCUO3nU1wg1alBfUfIaMJ3qo,ин апр
1rSgQIFAaU3A6PnbEl66Es3EYC2v5LONVtfObJQEvly0,ин май
16sHifAh-jKAYhFBK3HptOkM990Vme7nI3Qj-LjIXhVk,ин июнь
19w223jkWOsub1f9aZ7NDS33syM2wFBwvxYndJPFUmho,криптовселенная фев-мар
1Su1KE6kxeb-g60_pIVPYQ8cUccOtq6VrC6v4AbEij1E,криптовселенная апр
1-VPxCy5ZpUUeF0yDACySn_Br-tdVSTgi7OgeHDmoHmE,кikpd мар
1EpmfFn9ltC8bNW-MSsKnRJcIi_klScczDbT-SkVmA3U,кikpd апр
1cfE_60zS4rXo_TBVw7CS2092hROsXs7WtcK_1p14Z3A,кikpd май
1qDNwFTHqnSU9Fp5DQIxTRPlCdFyhvC4UiAk_UFW7ZZw,кikpd июнь
1vU_mrhcAh8Y2a9mRLOk-f0VLdv3vTRTk_8QHTNNm8tU,посуточная аренда апр
1a5E_kdi1ht41kekYQgFN6u2cv-6RbevwCOyTr-_U108,посуточная аренда май
1RoONXqZ-2OVyY_wttSBmcl8W1Us9Ch372oaBlwsaLZ8,посуточная аренда июнь
1G2J9tGaWxD96cHxmj9TLGPvbNTakvMaVtm6lIOEoikQ,кийосаки недвижка апр
1bQSuS2l9NXhwFJCN_VFJI5GFMum25_djkDVpKBWwyxE,кийосаки недвижка май